code,name,costPrice,sellingPrice,unitOfMeasurement,reorderPoint,categoryName,dosageForm,strength,nameDosageStrength
ACETAZIN1,Acetazolamide,17.16,17.16,Ampoule,30,Diuretics,Injection,500 mg,"Acetazolamide Injection, 500 mg"
ACETAZTA1,Acetazolamide,0.88,0.88,Tablet,30,Diuretics,Tablet,250 mg,"Acetazolamide Tablet, 250 mg"
ACETYLIN1,Acetylcysteine,62.98,62.98,1 mL,30,Mucolytic Agents,Injection,200 mg/mL,"Acetylcysteine Injection, 200 mg/mL"
ACETYLTA1,Acetylsalicylic Acid,0.55,0.55,Tablet,100,Analgesics,Tablet,300 mg,"Acetylsalicylic Acid Tablet, 300 mg"
ACETYLDT1,Acetylsalicylic Acid,0.33,0.33,Tablet,100,Analgesics/Antipyretics,Tablet,75 mg,"Acetylsalicylic Acid Tablet, 75 mg (Dispersible)"
ACTINOIN1,Actinomycin D,205.57,205.57,Vial,30,Antineoplastic Agents,Injection,0.5 mg,Actinomycin D Injection 0.5 mg Intravenous
ACTCHAPO1,Activated Charcoal,38.56,38.56,50 G,30,Antidotes and Adsorbents,Powder,50 g,"Activated Charcoal Powder, 50 g"
ACICLOCR1,Acyclovir,38.50,38.50,5G,30,Antiviral,Cream,5%,"Acyclovir Cream, 5%"
ACICLOEO1,Acyclovir,52.03,52.03,2G,30,Antivirals,Eye Ointment,3%,"Acyclovir Eye Ointment, 3%"
ACICLOIN1,Acyclovir,136.13,136.13,Vial,30,Antiviral,Injection,250 mg,"Acyclovir Injection, 250 mg vial"
ACICLOSU2,Acyclovir,276.91,276.91,20 mL,40,Antiviral,Suspension,200 mg/5 mL,"Acyclovir Suspension, 200 mg/5 mL"
ACICLOTA1,Acyclovir,1.98,1.98,Tablet,40,Antivirals,Tablet,200 mg,"Acyclovir Tablet, 200 mg"
ADRENAIN1,Adrenaline,7.70,7.70,1 mL,25,Emergency Medicine,Injection,1 mg/1mL,"Adrenaline Injection, 1 mg/1mL (1:1000)"
ADRENAIN2,Adrenaline,6.55,6.55,Vial,30,Cardiovascular Agents,Injection,"1:10,000","Adrenaline Injection, 1:10,000"
ADRIAMIN1,Adriamycin,172.59,172.59,Vial,20,Chemotherapy,Injection,50 mg,"Adriamycin Injection, 50 mg"
ALBENDSY1,Albendazole,4.10,4.10,20 mL,30,Anthelmintics,Syrup,100 mg/5 mL,"Albendazole Syrup, 100 mg/5 mL"
ALBENDTA1,Albendazole,4.68,4.68,Tablet,100,Anthelmintics,Tablet,200 mg,"Albendazole Tablet, 200 mg"
ALBENDTA2,Albendazole,1.17,1.17,Tablet,30,Anthelmintics,Tablet,400 mg,"Albendazole Tablet, 400 mg"
ALLOPUTA1,Allopurinol,0.94,0.94,Tablet,30,Antigout Agents,Tablet,100 mg,"Allopurinol Tablet, 100 mg"
ALLOPUTA2,Allopurinol,1.10,1.10,Tablet,40,Antigout Agents,Tablet,300 mg,"Allopurinol Tablet, 300 mg"
AMIACIIN1,Amino Acid Solution,106.00,106.00,200 mL,30,Nutritional Supplements,Injection,10%,"Amino Acid Solution Injection, 10%"
AMIACIIN2,Amino Acid Solution,48.05,48.05,200 mL,30,Parenteral Nutrition,Injection,20%,"Amino Acid Solution Injection, 20%"
AMINOPIN1,Aminophylline,11.55,11.55,Ampoule,30,Bronchodilator,Injection,250 mg/10 mL,"Aminophylline Injection, 250 mg/10 mL"
AMIODATA1,Amiodarone,1.93,1.93,Tablet,30,Antiarrhythmics,Tablet,200 mg,"Amiodarone Tablet, 200 mg"
AMITRITA1,Amitriptyline,0.66,0.66,Tablet,40,Antidepressants,Tablet,10 mg,"Amitriptyline Tablet, 10 mg"
AMITRITA2,Amitriptyline,0.18,0.18,Tablet,30,Antidepressants,Tablet,25 mg,"Amitriptyline Tablet, 25 mg"
AMITRITA3,Amitriptyline,0.66,0.66,Tablet,30,Antidepressants,Tablet,50 mg,"Amitriptyline Tablet, 50 mg"
AMLODITA2,Amlodipine,0.12,0.12,Tablet,100,Antihypertensives,Tablet,10 mg,"Amlodipine Tablet, 10 mg"
AMLODITA1,Amlodipine,0.11,0.11,Tablet,40,Antihypertensives,Tablet,5 mg,"Amlodipine Tablet, 5 mg"
AMOARTPO2,Amodiaquine + Artesunate,5.78,5.78,Sachet,100,Antimalarials,Granular Powder,150 mg + 50 mg,"Amodiaquine + Artesunate Granular Powder, 150
mg + 50 mg"
AMOARTPO1,Amodiaquine + Artesunate,13.97,13.97,Sachet,40,Antimalarial,Granular Powder,75 mg + 25 mg,"Amodiaquine + Artesunate Granular Powder, 75 mg
+ 25 mg"
AMOARTTA2,Amodiaquine + Artesunate,5.07,5.07,1 Course,100,Antimalarials,Tablet,135 mg + 50 mg (12 tabs),"Amodiaquine + Artesunate Tablet, 135 mg + 50 mg
(12 tabs)"
AMOARTTA4,Amodiaquine + Artesunate,0.70,0.70,1 Course,100,Antimalarial,Tablet,135 mg + 50 mg,"Amodiaquine + Artesunate Tablet, 135 mg + 50 mg
(3's)"
AMOARTTA5,Amodiaquine + Artesunate,1.28,1.28,1 Course,75,Antimalarials,Tablet,270 mg + 100 mg,"Amodiaquine + Artesunate Tablet, 270 mg + 100
mg (3's)"
AMOARTTA6,Amodiaquine + Artesunate,2.15,2.15,1 Course,30,Antimalarials,Tablet,270 mg + 100 mg,"Amodiaquine + Artesunate Tablet, 270 mg + 100
mg (6's)"
AMOARTTA3,Amodiaquine + Artesunate,0.65,0.65,1 Course,100,Antimalarials,Tablet,67.5 mg + 25 mg,"Amodiaquine + Artesunate Tablet, 67.5 mg + 25
mg (3's)"
AMOARTTA1,Amodiaquine + Artesunate,5.15,5.15,1 Course,100,Antimalarials,Tablet,67.5 mg + 25 mg (6 tabs),"Amodiaquine + Artesunate Tablet, 67.5 mg + 25 mg (6 tabs)"
COAMOXIN2,Amoxicillin + Clavulanic Acid,16.30,16.30,Vial,100,Antibiotics,Injection,1.2g,"Amoxicillin + Clavulanic Acid Injection, 1.2g"
COAMOXIN1,Amoxicillin + Clavulanic Acid,18.70,18.70,Vial,30,Antibiotics,Injection,500 mg + 100 mg,"Amoxicillin + Clavulanic Acid Injection, 500 mg +
100 mg"
COAMOXSU1,Amoxicillin + Clavulanic Acid,19.52,19.52,70 mL,70,Antibiotics,Suspension,250 mg + 62 mg,"Amoxicillin + Clavulanic Acid Suspension, 250 mg +
62 mg"
COAMOXSU2,Amoxicillin + Clavulanic Acid,25.86,25.86,70 mL,30,Antibiotics,Suspension,400 mg + 57 mg,"Amoxicillin + Clavulanic Acid Suspension, 400 mg +
57 mg"
COAMOXTA1,Amoxicillin + Clavulanic Acid,2.31,2.31,Tablet,75,Antibiotics,Tablet,500 mg + 125 mg,"Amoxicillin + Clavulanic Acid Tablet, 500 mg + 125
mg"
COAMOXTA2,Amoxicillin + Clavulanic Acid,2.98,2.98,Tablet,50,Antibiotics,Tablet,875 mg + 125 mg,"Amoxicillin + Clavulanic Acid Tablet, 875 mg + 125
mg"
AMOXICDT1,Amoxicillin,1.87,1.87,Tablet,75,Antibiotics,Dispersible Tablet,250 mg,"Amoxicillin 250 mg, Dispersible Tablet"
AMOXICCA1,Amoxicillin,0.47,0.47,Capsule,100,Antibiotics,Capsule,250 mg,"Amoxicillin Capsule, 250 mg"
AMOXICCA2,Amoxicillin,0.83,0.83,Capsule,120,Antibiotics,Capsule,500 mg,"Amoxicillin Capsule, 500 mg"
AMOXICSU1,Amoxicillin,16.50,16.50,100 mL,30,Antibiotics,Suspension,125 mg/5 mL,"Amoxicillin Suspension, 125 mg/5 mL"
AMPICIIN1,Ampicillin,3.85,3.85,Vial,100,Antibiotics,Injection,500 mg,"Ampicillin Injection, 500 mg"
ANASTRTA1,Anastrozole,9.68,9.68,Tablet,30,Hormonal Therapy,Tablet,1 mg,"Anastrozole Tablet, 1 mg"
ANIMGLIN1,Anti RH Immunoglobulin,827.20,827.20,Vial,20,Immunoglobulins,Injection,1500IU /5ml,"Anti RH Immunoglobulin Injection, 1500IU /5ml"
ANTESEIN1,Anti Tetanus Serum,42.85,42.85,Vial,30,Antitoxins and Antivenoms,Injection,1500 IU,Anti Tetanus Serum Injection 1500 IU
AQUEOUCR1,Aqueous Cream,29.98,29.98,100 G,30,Emollients and Moisturizers,Cream,,Aqueous Cream BP
ARTLUMSU1,Artemether + Lumefantrine,25.85,25.85,100 mL,30,Antimalarial,Suspension (Powder For Reconstitution),20 mg + 120 mg / 5 mL,"Artemether + Lumefantrine Suspension, (Powder For Reconstitution) 20 mg + 120 mg / 5 mL"
ARTLUMTA3,Artemether + Lumefantrine,1.25,1.25,1 Course,100,Antimalarial,Tablet,20 mg + 120 mg,"Artemether + Lumefantrine Tablet, 20 mg + 120 mg
(12's)"
ARTLUMTA4,Artemether + Lumefantrine,1.88,1.88,1 Course,30,Antimalarials,Tablet,20 mg + 120 mg,"Artemether + Lumefantrine Tablet, 20 mg + 120 mg (18's)"
ARTLUMTA1,Artemether + Lumefantrine,2.24,2.24,1 Course,100,Antimalarial,Tablet,20 mg + 120 mg,"Artemether + Lumefantrine Tablet, 20 mg + 120 mg
(24’s)"
ARTLUMTA2,Artemether + Lumefantrine,0.61,0.61,1 Course,30,Antimalarial,Tablet,20 mg + 120 mg,"Artemether + Lumefantrine Tablet, 20 mg + 120 mg
(6's)"
ARTEMEIN2,Artemether,5.50,5.50,Ampoule,30,Antimalarial,Injection,80mg/mL,Artemether Injection 80mg/mL
ARTLUMDT1,Artermether + Lumefantrine Dispersible,4.39,4.39,6 Tablets,100,Antimalarials,Dispersible Tablet,20 mg + 120 mg,"Artermether + Lumefantrine Dispersible, (20 mg + 120 mg) Tablet"
ARTESUIN3,Artesunate,6.25,6.25,Vial,30,Antimalarials,injection,120mg,Artesunate injection 120mg
ARTESUIN1,Artesunate,3.18,3.18,Vial,20,Antimalarial,Injection,30 mg,"Artesunate Injection, 30 mg"
ARTESUIN2,Artesunate,3.18,3.18,Vial,30,Antimalarials,Injection,60 mg,"Artesunate Injection, 60 mg"
ARTESURE2,Artesunate,6.05,6.05,Supp,30,Antimalarial,suppository,100mg,Artesunate suppository 100mg
ARTESURE1,Artesunate,5.49,5.49,Supp.,30,Antimalarial,Suppository,50 mg,"Artesunate Suppository, 50 mg"
ATEHYDTA2,Atenolol + Hydrochlorthiazide,1.20,1.20,Tablet,30,Antihypertensive,Tablet,100 mg + 25 mg,"Atenolol + Hydrochlorthiazide Tablet, 100 mg + 25 mg"
ATEHYDTA1,Atenolol + Hydrochlorthiazide,0.77,0.77,Tablet,30,Antihypertensives,Tablet,50 mg + 25 mg,"Atenolol + Hydrochlorthiazide Tablet, 50 mg + 25 mg"
ATENOLIN1,Atenolol,8.98,8.98,Ampoule,30,Beta Blockers,Injection,500 microgram/10 mL,"Atenolol Injection, 500 microgram/10 mL"
ATENOLTA3,Atenolol,1.10,1.10,Tablet,30,Beta Blockers,Tablet,100 mg,"Atenolol Tablet, 100 mg"
ATENOLTA1,Atenolol,1.10,1.10,Tablet,100,Beta Blockers,Tablet,25 mg,"Atenolol Tablet, 25 mg"
ATENOLTA2,Atenolol,0.54,0.54,Tablet,30,Beta-Blockers,Tablet,50 mg,"Atenolol Tablet, 50 mg"
ATORVATA1,Atorvastatin,0.23,0.23,Tablet,100,Cardiovascular Agents,Tablet,10 mg,"Atorvastatin Tablet, 10 mg"
ATORVATA2,Atorvastatin,0.30,0.30,Tablet,75,Cholesterol-Lowering Medication,Tablet,20 mg,"Atorvastatin Tablet, 20 mg"
ATROPIID1,Atropine,36.30,36.30,10 mL,30,Ophthalmic Medications,Eye Drops,1%,"Atropine Eye Drops, 1%"
ATROPIIN1,Atropine,5.50,5.50,1 mL,25,Anticholinergic,Injection,0.6 mg/mL,"Atropine Injection, 0.6 mg/mL"
AZITHRCA1,Azithromycin,3.58,3.58,Capsule,75,Antibiotics,Capsule,250 mg,"Azithromycin Capsule, 250 mg"
AZITHRSU1,Azithromycin,35.20,35.20,15 mL,60,Antibiotics,Oral Suspension,200 mg/5 mL/15mL,"Azithromycin Oral Suspension, 200 mg/5 mL/15mL"
AZITHRSU2,Azithromycin,40.13,40.13,30 mL,75,Antibiotics,Oral Suspension,200 mg/5 mL/30mL,"Azithromycin Oral Suspension, 200 mg/5 mL/30mL"
BADOESIN1,Badoe's Solution,22.00,22.00,1000 mL,30,Intravenous Solutions,Injection,1000 mL,"Badoe's Solution Injection, 1000 mL"
BECDIPGA2,Beclometasone dipropionate,87.94,87.94,Inhaler,30,Corticosteroids,Inhaler,100 microgram/metered dose (200 doses),"Beclometasone dipropionate Inhaler, 100
microgram/metered dose (200 doses)"
BECDIPGA3,Beclometasone dipropionate,87.94,87.94,Inhaler,30,Corticosteroids,Inhaler,200 microgram/metered dose (200 doses),"Beclometasone dipropionate Inhaler, 200
microgram/metered dose (200 doses)"
BECDIPGA1,Beclometasone dipropionate,119.90,119.90,Inhaler,30,Respiratory,Inhaler,50 microgram/metered dose (200 doses),"Beclometasone dipropionate Inhaler, 50
microgram/metered dose (200 doses)"
BENDROTA1,Bendroflumethiazide,0.12,0.12,Tablet,30,Diuretics,Tablet,2.5 mg,"Bendroflumethiazide Tablet, 2.5 mg"
BENZATIN1,Benzatropine,110.20,110.20,1 mL,30,Anticholinergics,Injection,1 mg/mL,"Benzatropine Injection, 1 mg/mL"
BENZATTA1,Benzatropine,6.93,6.93,Tablet,30,Anticholinergics,Tablet,2 mg,"Benzatropine Tablet, 2 mg"
BEACSAOI1,Benzoic Acid + Salicylic Acid,17.60,17.60,25 G,30,Topical Antifungal,Ointment,6% + 3%,"Benzoic Acid + Salicylic Acid Ointment, 6% + 3%"
BENPERCR2,Benzoyl Peroxide,131.45,131.45,30 G,30,Dermatologicals,Cream,10%,"Benzoyl Peroxide Cream, 10%"
BENPERCR1,Benzoyl Peroxide,118.25,118.25,30 G,30,Dermatological Agents,Cream,5%,"Benzoyl Peroxide Cream, 5%"
BENBENLO1,Benzyl Benzoate,24.86,24.86,30mL,30,Scabicides/Pediculicides,Lotion,25%,"Benzyl Benzoate Lotion, 25%"
BENBENLO2,Benzyl Benzoate,28.60,28.60,100 mL,30,Scabicides,Lotion,25%,"Benzyl Benzoate Lotion, 25%"
BENZYLIN1,Benzylpenicillin,3.30,3.30,Vial,75,Antibiotics,Injection,1 MU,"Benzylpenicillin Injection, 1 MU"
BENZYLIN2,Benzylpenicillin,11.00,11.00,Vial,30,Antibiotics,Injection,5 MU,"Benzylpenicillin Injection, 5 MU"
BETVALCR2,Betamethasone Valerate,38.50,38.50,15 G,30,Corticosteroids,cream,0.10%,"Betamethasone Valerate cream, 0.1%"
BETAXOID1,Betaxolol HCL,19.89,19.89,5 mL,30,Beta Blocker,Eye Drops,0.50%,"Betaxolol HCL Eye Drops, 0.5%"
BISACOTA1,Bisacodyl,1.10,1.10,Tablet,30,Laxatives,Tablet,5 mg,"Bisacodyl Tablet, 5 mg"
BISOPRTA2,Bisoprolol,1.02,1.02,Tablet,30,Beta Blockers,Tablet,10 mg,Bisoprolol Tablet 10 mg
BISOPRTA1,Bisoprolol,0.98,0.98,Tablet,100,Beta Blockers,Tablet,5 mg,Bisoprolol Tablet 5 mg
BROMOCTA1,Bromocriptine,9.46,9.46,Tablet,30,Dopamine Agonist,Tablet,2.5 mg,"Bromocriptine Tablet, 2.5 mg"
BUDFORGA2,Budesonide + Formoterol,151.25,151.25,Inhaler,20,Respiratory Medications,Inhaler,160 microgram/4.5 microgram (60 Doses),"Budesonide + Formoterol Inhaler 160
microgram/4.5 microgram (60 Doses)"
BUDFORGA1,Budesonide + Formoterol,143.00,143.00,Inhaler,20,Respiratory Medication,Inhaler,80 microgram/4.5 microgram,"Budesonide + Formoterol Inhaler 80 microgram/4.5
microgram (60 Doses)"
BUDESOGA1,Budesonide,108.11,108.11,Inhaler,30,Corticosteroids,Dry Powder Inhaler,100 microgram (100 Doses),"Budesonide DPI, 100 microgram (100 Doses)"
BUDESOGA2,Budesonide,212.78,212.78,Inhaler,30,Corticosteroids,Inhaler,200 microgram/dose (100 Doses),"Budesonide DPI, 200 microgram (100 Doses)"
CALAMICR1,Calamine,18.04,18.04,40 G,25,Topical Antipruritics,Cream,15%,"Calamine Cream, 15%"
CALAMILO1,Calamine Lotion,11.55,11.55,200 mL,100,Topical Antipruritics,Lotion,15%,"Calamine Lotion, 15%"
CALCIFTA1,Calciferol,4.78,4.78,Tablet,30,Vitamins and Supplements,Tablet,"10,000 units","Calciferol Tablet, 10,000 units"
CALGLUIN1,Calcium Gluconate,29.70,29.70,Ampoule,30,Electrolyte Supplement,Injection,100 mg/mL,"Calcium Gluconate Injection, 100 mg/mL in 10 mL"
CALCARTA1,Calcium Carbonate,3.30,3.30,Tablet,100,Supplements,Tablet,500 mg,"Calcium Carbonate Tablet, 500 mg"
CALVITTA1,Calcium with Vitamin D,1.47,1.47,Tablet,100,Supplements,Tablet,97 mg + 10 microgram,"Calcium with Vitamin D Tablet, (97 mg + 10 microgram)"
CAPECITA1,Capecitabine,19.14,19.14,Tablet,30,Antineoplastic Agents,Tablet,500 mg,"Capecitabine Tablet, 500 mg"
CARBAMTA3,Carbamazepine,2.92,2.92,Tablet,40,Anticonvulsants,Sustained-Release Tablet,200 mg,"Carbamazepine Sustained-Release Tablet, 200 mg"
CARBAMTA4,Carbamazepine,6.22,6.22,Tablet,75,Anticonvulsants,Sustained-Release Tablet,400 mg,"Carbamazepine Sustained-Release Tablet, 400 mg"
CARBAMTA1,Carbamazepine,1.21,1.21,Tablet,30,Anticonvulsants,Tablet,100 mg,"Carbamazepine Tablet, 100 mg"
CARBAMTA2,Carbamazepine,1.05,1.05,Tablet,40,Anticonvulsants,Tablet,200 mg,"Carbamazepine Tablet, 200 mg"
CARBIMTA2,Carbimazole,2.20,2.20,Tablet,30,Antithyroid Agents,Tablet,20 mg,"Carbimazole Tablet, 20 mg"
CARBIMTA1,Carbimazole,1.16,1.16,Tablet,30,Antithyroid Agents,Tablet,5 mg,"Carbimazole Tablet, 5 mg"
CARBOCSY1,Carbocisteine,14.30,14.30,100 mL,30,Mucolytics,Syrup,125 mg/5 mL,"Carbocisteine Paediatric Syrup , 125 mg/5 mL"
CARBOCSY2,Carbocisteine,11.06,11.06,100 mL,30,Mucolytics,Syrup,250 mg/5 mL,"Carbocisteine Syrup, 250 mg/5 mL"
CARBOPIN1,Carboplatin,385.00,385.00,Vial,20,Chemotherapy,Injection,150 mg,"Carboplatin Injection, 150 mg Intravenous"
CARBOPIN2,Carboplatin,559.68,559.68,Vial,10,Chemotherapy Agents,Injection,450 mg,"Carboplatin Injection, 450 mg Intravenous"
CARVEDTA2,Carvedilol,1.41,1.41,Tablet,30,Beta Blockers,Tablet,12.5 mg,Carvedilol Tablet 12.5 mg
CARVEDTA1,Carvedilol,1.05,1.05,Tablet,100,Beta Blockers,Tablet,3.125 mg,Carvedilol Tablet 3.125 mg
CEFACLCA1,Cefaclor,6.86,6.86,Capsule,50,Antibiotics,Capsule,250 mg,"Cefaclor Capsule, 250 mg"
CEFACLCA2,Cefaclor,12.65,12.65,Capsule,50,Antibiotics,Capsule,500 mg,"Cefaclor Capsule, 500 mg"
CEFACLSU1,Cefaclor,40.15,40.15,100 mL,75,Antibiotics,Suspension,125 mg/5 mL,"Cefaclor Suspension, 125 mg/5 mL"
CEFACLSU2,Cefaclor,59.95,59.95,100 mL,100,Antibiotics,Suspension,250 mg/5 mL,"Cefaclor Suspension, 250 mg/5 mL"
CEFOTAIN2,Cefotaxime,20.20,20.20,Vial,75,Antibiotics,Injection,1 g,"Cefotaxime Injection, 1 g"
CEFOTAIN1,Cefotaxime,14.85,14.85,Vial,75,Antibiotics,Injection,500 mg,"Cefotaxime Injection, 500 mg"
CEFTRIIN3,Ceftriazone,13.20,13.20,Vial,75,Antibiotics,Injection,1g,"Ceftriazone Injection, 1g"
CEFTRIIN2,Ceftriazone,8.80,8.80,Vial,75,Antibiotics,Injection,500 mg,"Ceftriazone Injection, 500 mg"
CEFUROIN2,Cefuroxime,35.42,35.42,Vial,40,Antibiotics,Injection,1.5 g,Cefuroxime Injection 1.5 g
CEFUROIN1,Cefuroxime,13.20,13.20,Vial,30,Antibiotics,Injection,750 mg,"Cefuroxime Injection, 750 mg"
CEFUROSU1,Cefuroxime,20.56,20.56,50mL,40,Antibiotics,Suspension,125 mg/5 mL,"Cefuroxime Suspension, 125 mg/5 mL"
CEFUROTA1,Cefuroxime,4.29,4.29,Tablet,100,Antibiotics,Tablet,125 mg,"Cefuroxime Tablet, 125 mg"
CEFUROTA2,Cefuroxime,2.17,2.17,Tablet,60,Antibiotics,Tablet,250 mg,"Cefuroxime Tablet, 250 mg"
CELECOTA1,Celecoxib,1.32,1.32,Tablet,75,Nonsteroidal Anti-inflammatory Drug (NSAID),Tablet,100 mg,Celecoxib Tablet 100 mg
CELECOTA2,Celecoxib,2.75,2.75,Tablet,30,Nonsteroidal Anti-inflammatory Drugs (NSAIDs),Tablet,200 mg,Celecoxib Tablet 200 mg
CETIRISY1,Cetirizine,8.80,8.80,30 mL,30,Antihistamine,Syrup,5 mg/5 mL,"Cetirizine Syrup, 5 mg/5 mL"
CETIRITA1,Cetirizine,0.07,0.07,Tablet,100,Antihistamines,Tablet,10 mg,"Cetirizine Tablet, 10 mg"
CETRIMSO1,Cetrimide,7.15,7.15,200 mL,30,Antiseptics,Solution,,Cetrimide Solution
CHLORAED1,Chloramphenicol,6.88,6.88,10 mL,75,Antibiotics,Ear Drops,5%,"Chloramphenicol Ear Drops, 5%"
CHLORAID1,Chloramphenicol,6.38,6.38,10 mL,30,Antibiotics,Eye Drops,0.50%,"Chloramphenicol Eye Drops, 0.5%"
CHLORAEO1,Chloramphenicol,8.80,8.80,5 G,30,Antibiotic Ophthalmic Ointments,Eye Ointment,1%,"Chloramphenicol Eye Ointment, 1%"
CHLORAIN1,Chloramphenicol,1.65,1.65,1 G,30,Antibiotics,Injection,1 g,"Chloramphenicol Injection, 1 g"
CHLORASU1,Chloramphenicol,8.58,8.58,100 mL,75,Antibiotics,Suspension,125mg/5mL,"Chloramphenicol Suspension, 125mg/5mL"
CHLORHCR1,Chlorhexidine,28.60,28.60,15 G,30,Antiseptics,Cream,1%,"Chlorhexidine Cream, 1%"
CHLORHGE1,Chlorhexidine,24.75,24.75,25g,30,Antiseptics,Gel,7.1 % ( digluconate ) delivering 4% chlorhexidine,"Chlorhexidine Gel 7.1 % ( digluconate ) delivering
4% chlorhexidine"
CHLORHMW2,Chlorhexidine,22.69,22.69,300ml,30,Oral Antiseptics,Mouth wash,0.12%,Chlorhexidine Mouth wash 0.12%
CHLORHSO1,Chlorhexidine,75.13,75.13,100 mL,100,Antiseptics,Solution,2.50%,"Chlorhexidine Solution, 2.5%"
CHLPHESY1,Chlorphenamine,11.00,11.00,100 mL,30,Antihistamines,Syrup,2 mg/5 mL,"Chlorphenamine Syrup, 2 mg/5 mL"
CHLPHETA1,Chlorphenamine,0.17,0.17,Tablet,30,Antihistamine,Tablet,4 mg,"Chlorphenamine Tablet, 4 mg"
CHLPROIN1,Chlorpromazine,7.70,7.70,Ampoule,30,Antipsychotic,Injection,25 mg/mL in 2 mL,"Chlorpromazine Injection, 25 mg/mL in 2 mL"
CHLPROTA3,Chlorpromazine,0.58,0.58,Tablet,20,Antipsychotics,Tablet,100 mg,"Chlorpromazine Tablet, 100 mg"
CHLPROTA1,Chlorpromazine,5.94,5.94,Tablet,30,Antipsychotics,Tablet,25 mg,"Chlorpromazine Tablet, 25 mg"
CHLPROTA2,Chlorpromazine,0.20,0.20,Tablet,30,Antipsychotic,Tablet,50 mg,"Chlorpromazine Tablet, 50 mg"
CHREFLIN2,Cholera Replacement Fluid,19.60,19.60,1000 mL,30,Electrolyte Solutions,Injection,(5:4:1) 1 Litre,"Cholera Replacement Fluid Injection, (5:4:1) 1 Litre"
CHREFLIN1,Cholera Replacement Fluid,10.98,10.98,500 mL,100,Intravenous Fluids,Injection,(5:4:1) 500 mL,"Cholera Replacement Fluid Injection, (5:4:1) 500 mL"
CIPTINTA1,Ciprofloxacin + Tinidazole,2.85,2.85,Tablet,45,Antibiotics,Tablet,500 mg + 500 mg,"Ciprofloxacin + Tinidazole Tablet, 500 mg + 500 mg"
CIPROFID1,Ciprofloxacin,5.17,5.17,10 mL,100,Antibiotics,Eye Drops,0.30%,"Ciprofloxacin Eye Drops, 0.3%"
CIPROFIN1,Ciprofloxacin,9.35,9.35,Bottle,75,Antibiotics,Infusion,2 mg/mL in 100 mL,"Ciprofloxacin Infusion, 2 mg/mL in 100 mL"
CIPROFTA1,Ciprofloxacin,0.61,0.61,Tablet,50,Antibiotics,Tablet,250 mg,"Ciprofloxacin Tablet, 250 mg"
CIPROFTA2,Ciprofloxacin,0.61,0.61,Tablet,50,Antibiotics,Tablet,500 mg,"Ciprofloxacin Tablet, 500 mg"
CLARITCA1,Clarithromycin,3.08,3.08,Capsule,50,Antibiotics,Capsule,250 mg,"Clarithromycin Capsule, 250 mg"
CLARITCA2,Clarithromycin,5.50,5.50,Capsule,30,Antibiotics,Capsule,500 mg,"Clarithromycin Capsule, 500 mg"
CLARITSU1,Clarithromycin,110.28,110.28,100 mL,30,Antibiotics,Paediatric Suspension,125 mg/5 mL,"Clarithromycin Paediatric Suspension, 125 mg/5 mL"
CLINDACA1,Clindamycin,0.77,0.77,Capsule,30,Antibiotics,Capsule,150 mg,"Clindamycin Capsule, 150 mg"
CLINDAIN1,Clindamycin,29.17,29.17,Vial,60,Antibiotics,Injection,150 mg/mL,"Clindamycin Injection, 150 mg/mL in 2 mL"
CLINDASU1,Clindamycin,207.90,207.90,100 mL,30,Antibiotics,Suspension,75 mg/5 mL,"Clindamycin Suspension, 75 mg/5 mL"
CLINDASO1,Clindamycin,100.10,100.10,30 mL,30,Antibiotics,Topical Solution,1%,"Clindamycin Topical Solution, 1%"
CLOPROCR1,Clobetasol Propionate,57.48,57.48,15 G,30,Corticosteroids,Cream,0.05%,"Clobetasol Propionate Cream, 0.05%"
CLOHYDCR1,Clotrimazole + Hydrocortisone,16.50,16.50,15 G,30,Topical Antifungal/Anti-inflammatory,Cream,1% + 1%,"Clotrimazole + Hydrocortisone Cream, 1% + 1%"
CLOTRICR1,Clotrimazole,8.80,8.80,30 G,30,Antifungal,Cream,1%,"Clotrimazole Cream, 1%"
CLOTRICR2,Clotrimazole,11.55,11.55,30 G,30,Antifungal,Cream,2%,"Clotrimazole Cream, 2%"
CLOTRIVP1,Clotrimazole,11.55,11.55,6 Pess.,30,Antifungal,Pessary,100 mg,"Clotrimazole Pessary, 100 mg"
CLOTRIVP2,Clotrimazole,24.20,24.20,3 Pess.,30,Antifungal,Pessary,200 mg,"Clotrimazole Pessary, 200 mg"
CLOTRIVP3,Clotrimazole,21.01,21.01,1 Pess.,20,Antifungal,Pessary,500 mg,"Clotrimazole Pessary, 500 mg"
CLOXACIN1,Cloxacillin,2.71,2.71,Vial,75,Antibiotics,Injection,250 mg,"Cloxacillin Injection, 250 mg"
CLOXACIN2,Cloxacillin,11.28,11.28,Vial,30,Antibiotics,Injection,500 mg,"Cloxacillin Injection, 500 mg"
CODEINTA1,Codeine,1.80,1.80,Tablet,75,Analgesics,Tablet,30 mg,"Codeine Tablet, 30 mg"
COOENOTA1,Conjugated Oestrogen + Norgesterol,3.77,3.77,Tablet,30,Hormonal Contraceptives,Tablet,625 microgram + 150 microgram,"Conjugated Oestrogen + Norgesterol Tablet, 625
microgram + 150 microgram"
CONOESTA1,Conjugated Oestrogen,6.02,6.02,Tablet,30,Hormone Replacement Therapy,Tablet,625 microgram,"Conjugated Oestrogen Tablet, 625 microgram"
CONOESVC1,Conjugated Oestrogen,255.20,255.20,1 G,30,Hormonal Therapy,Vaginal cream,625 microgram/g,"Conjugated Oestrogen Vaginal cream, 625
microgram/g"
CORANTID1,Corticosteroid + Antibiotic,41.80,41.80,10 mL,30,Ophthalmic Medications,Eye Drops,,Corticosteroid + Antibiotic Eye Drops
CORANTEO1,Corticosteroid + Antibiotic,53.90,53.90,10 G,30,Ophthalmic Medications,Eye Ointment,,Corticosteroid + Antibiotic Eye Ointment
COTRIMSU1,Co-trimoxazole,9.46,9.46,100 mL,30,Antibiotics,Suspension,(200+40) mg/5 mL,"Co-trimoxazole Suspension, (200+40) mg/5 mL"
COTRIMTA1,Cotrimoxazole,0.23,0.23,Tablet,50,Antibiotics,Tablet,(400+80) mg,"Cotrimoxazole Tablet, (400+80) mg"
CYCLOPID1,Cyclopentolate,42.13,42.13,5 mL,30,Ophthalmic Solutions,Eye Drops,1%,"Cyclopentolate Eye Drops, 1%"
CYCLOPIN1,Cyclophosphamide,39.47,39.47,Vial,20,Chemotherapy Agents,Injection,500 mg,"Cyclophosphamide Injection, 500 mg"
DALSODIN1,Dalteparin Sodium,102.08,102.08,"Prefilled
Syringe",30,Anticoagulants,Injection,5000 units/0.2 mL,"Dalteparin Sodium Injection, 5000 units/0.2 mL"
DARROWIN1,Darrow's Solution,8.71,8.71,250 mL,30,Electrolyte Solutions,Injection,Half Strength,"Darrow's Solution Injection, Half Strength 250 mL"
DEXAMEID1,Dexamethasone,8.84,8.84,5 mL,30,Corticosteroids,Eye Drops,1%,"Dexamethasone Eye Drops, 1%"
DEXAMEEO1,Dexamethasone,42.63,42.63,5 G,30,Corticosteroids,Eye Ointment,1%,"Dexamethasone Eye Ointment, 1%"
DEXAMEIN1,Dexamethasone,3.03,3.03,1mL,30,Corticosteroids,Injection,4 mg/mL,"Dexamethasone Injection, 4 mg/mL"
DEXAMEIN2,Dexamethasone,2.20,2.20,2mL,30,Corticosteroids,Injection,8 mg/2 mL,"Dexamethasone Injection, 8 mg/2 mL"
DEXAMETA2,Dexamethasone,6.44,6.44,Tablet,30,Corticosteroids,Tablet,2 mg,"Dexamethasone Tablet, 2 mg"
DEXAMETA3,Dexamethasone,4.71,4.71,Tablet,30,Corticosteroids,Tablet,4 mg,"Dexamethasone Tablet, 4 mg"
DEXAMETA1,Dexamethasone,0.06,0.06,Tablet,100,Corticosteroids,Tablet,500 microgram,"Dexamethasone Tablet, 500 microgram"
DEXTROTA1,Dextromethorphan,40.70,40.70,100ml,30,Cough Suppressant,Syrup,,Dextromethorphan Containing Cough Syrup
DESOCHIN1,Dextrose in Sodium Chloride,12.68,12.68,250 mL,100,Intravenous Fluids,Intravenous Infusion,4.3% in 0.18% (250 mL),"Dextrose in Sodium Chloride Intravenous Infusion, 4.3% in 0.18% (250 mL)"
DESOCHIN2,Dextrose in Sodium Chloride,12.93,12.93,500 mL,100,Intravenous Solutions,Intravenous Infusion,5% in 0.9% (500 mL),"Dextrose in Sodium Chloride Intravenous Infusion, 5% in 0.9% (500 mL)"
DEXTROIN3,Dextrose,9.65,9.65,250 mL,30,Intravenous Fluids,Infusion,10% (250 mL),"Dextrose Infusion, 10% (250 mL)"
DEXTROIN4,Dextrose,14.20,14.20,500 mL,100,Intravenous Solutions,Infusion,10% (500 mL),"Dextrose Infusion, 10% (500 mL)"
DEXTROIN1,Dextrose,11.00,11.00,250 mL,150,Intravenous Fluids,Infusion,5% (250 mL),"Dextrose Infusion, 5% (250 mL)"
DEXTROIN2,Dextrose,11.86,11.86,500 mL,100,Intravenous Fluids,Infusion,5% (500 mL),"Dextrose Infusion, 5% (500 mL)"
DEXTROIN6,Dextrose,17.42,17.42,250 mL,30,Intravenous Fluids,Infusion,50% (250 mL),"Dextrose Infusion, 50% (250 mL)"
DIAZEPIN1,Diazepam,7.90,7.90,Ampoule,30,Benzodiazepines,Injection,5 mg/mL,"Diazepam Injection, 5 mg/mL in 2 mL"
DIAZEPRS1,Diazepam,5.50,5.50,"Rectal
Tube",30,Benzodiazepines,Rectal Tubes,2 mg/mL in 1.25 mL,"Diazepam Rectal Tubes, 2 mg/mL in 1.25 mL"
DIAZEPTA2,Diazepam,0.22,0.22,Tablet,30,Sedatives and Hypnotics,Tablet,10 mg,"Diazepam Tablet, 10 mg"
DIAZEPTA1,Diazepam,0.17,0.17,Tablet,30,Benzodiazepines,Tablet,5 mg,"Diazepam Tablet, 5 mg"
DICLOFCA1,Diclofenac,0.40,0.40,Capsule,30,Nonsteroidal Anti-inflammatory Drugs (NSAIDs),Capsule,75 mg,"Diclofenac Capsule, 75 mg"
DICLOFGE1,Diclofenac,5.41,5.41,30 G,30,Nonsteroidal Anti-inflammatory Drug (NSAID),Gel,,Diclofenac Gel
DICLOFIN1,Diclofenac,1.10,1.10,Ampoule,30,Nonsteroidal Anti-inflammatory Drugs (NSAIDs),Injection,75mg/3mL,"Diclofenac Injection, 75mg/3mL"
DICLOFRE2,Diclofenac,0.96,0.96,Supp.,30,Nonsteroidal Anti-Inflammatory Drugs (NSAIDs),Suppository,100 mg,"Diclofenac Suppository, 100 mg"
DICLOFRE1,Diclofenac,1.71,1.71,Supp.,30,Nonsteroidal Anti-inflammatory Drugs (NSAIDs),Suppository,50 mg,"Diclofenac Suppository, 50 mg"
DICLOFTA2,Diclofenac,0.13,0.13,Tablet,30,Nonsteroidal Anti-inflammatory Drugs (NSAIDs),Tablet,50 mg,"Diclofenac Tablet, 50 mg"
DIESTITA1,Diethylstilboestrol,0.11,0.11,Tablet,30,Hormonal Therapy,Tablet,1 mg,"Diethylstilboestrol Tablet, 1 mg"
DIESTITA2,Diethylstilboestrol,8.65,8.65,Tablet,30,Hormone Replacement Therapy,Tablet,5 mg,"Diethylstilboestrol Tablet, 5 mg"
DIGOXIEL1,Digoxin,1.38,1.38,60 mL,30,Cardiac Glycosides,Elixir,50 microgram/mL,"Digoxin Elixir, 50 microgram/mL"
DIGOXITA2,Digoxin,1.71,1.71,Tablet,30,Cardiac Glycosides,Tablet,125 microgram,"Digoxin Tablet, 125 microgram"
DIGOXITA3,Digoxin,1.98,1.98,Tablet,30,Cardiac Glycosides,Tablet,250 microgram,"Digoxin Tablet, 250 microgram"
DIGOXITA1,Digoxin,1.03,1.03,Tablet,30,Cardiac Glycosides,Tablet,62.5 microgram,"Digoxin Tablet, 62.5 microgram"
DIHPIPPO1,Dihydroartemisin + Piperaquine,3.85,3.85,Sachet,30,Antimalarial,Granular Powder,10 mg + 80 mg,"Dihydroartemisin + Piperaquine Granular Powder,
10 mg + 80 mg"
DIHYDRTA1,Dihydrocodeine,0.72,0.72,Tablet,100,Analgesics,Tablet,30 mg,"Dihydrocodeine Tablet, 30 mg"
DISOPYCA1,Disopyramide,6.60,6.60,Capsule,30,Antiarrhythmic,Capsule,100 mg,"Disopyramide Capsule, 100 mg"
DISPHOIN1,Disopyramide Phosphate,357.50,357.50,Ampoule,30,Antiarrhythmic,Injection,10 mg/mL in 5 mL,"Disopyramide Phosphate Injection, 10 mg/mL in 5
mL"
DOCETAIN1,Docetaxel,212.50,212.50,Ampoule,30,Antineoplastic Agents,Injection,20 mg/mL,"Docetaxel Injection, 20 mg/mL"
DOMPERTA1,Domperidone,1.76,1.76,Tablet,100,Antiemetic,Tablet,10 mg,"Domperidone Tablet, 10 mg"
DOPAMIIN1,Dopamine,24.75,24.75,Vial,30,Cardiovascular,Injection,40 mg/mL,"Dopamine Injection, 40 mg/mL in 5 mL"
DOXAPRIN1,Doxapram,187.00,187.00,Vial,30,Respiratory Stimulants,Injection,20 mg/mL,"Doxapram Injection, 20 mg/mL in 5 mL"
DOXORUIN1,Doxorubicin,130.00,130.00,Vial,20,Antineoplastic Agent,Injection,50 mg,Doxorubicin Injection 50 mg Intravenous
DOXYCYCA1,Doxycycline,0.92,0.92,Capsule,40,Antibiotics,Capsule,100 mg,"Doxycycline Capsule, 100 mg"
ENOSODIN2,Enoxaparin Sodium,126.50,126.50,"Prefilled
Syringe",30,Anticoagulants,Injection,40 mg/0.4 mL,"Enoxaparin Sodium Injection, 40 mg/0.4 mL"
EPHEDRIN1,Ephedrine HCI,23.10,23.10,Ampoule,25,Adrenergic Bronchodilators,Injection,30 mg/mL,"Ephedrine HCI Injection, 30 mg/mL"
EPHEDRND1,Ephedrine,6.83,6.83,10 mL,30,Decongestants,Nasal Drops,0.50%,"Ephedrine Nasal Drops, 0.5%"
EPHEDRND2,Ephedrine,9.90,9.90,10 mL,30,Decongestants,Nasal Drops,1%,"Ephedrine Nasal Drops, 1%"
ERGOMEIN1,Ergometrine,10.04,10.04,1 mL,20,Obstetric Agent,Injection,0.2 mg/mL,"Ergometrine Injection, 0.2 mg/mL"
ERGOMEIN2,Ergometrine,12.10,12.10,1 mL,30,Obstetric Medication,Injection,0.5 mg/ml,"Ergometrine Injection, 0.5 mg/ml"
ERGOMETA1,Ergometrine,0.66,0.66,Tablet,30,Obstetric Medications,Tablet,0.5 mg,"Ergometrine Tablet, 0.5 mg"
ERGOTATA1,Ergotamine,5.15,5.15,Tablet,30,Migraine Treatment,Tablet,2 mg,"Ergotamine Tablet, 2 mg"
ERYTHRSY1,Erythromycin,23.65,23.65,100 mL,30,Antibiotics,Syrup,125 mg/5 mL,"Erythromycin Syrup, 125 mg/5 mL"
ERYTHRTA1,Erythromycin,1.10,1.10,Tablet,50,Antibiotics,Tablet,250 mg,"Erythromycin Tablet, 250 mg"
ESOMEPCA1,Esomeprazole,1.98,1.98,Capsule,40,Proton Pump Inhibitors,Capsule,20 mg,"Esomeprazole Capsule, 20 mg"
ESOMEPCA2,Esomeprazole,3.40,3.40,Capsule,30,Proton Pump Inhibitors,Capsule,40 mg,"Esomeprazole Capsule, 40 mg"
ETHOSUSY1,Ethosuximide,21.51,21.51,200 mL,30,Anticonvulsants,Syrup,250 mg/5 mL,"Ethosuximide Syrup, 250 mg/5 mL"
ETHOSUTA1,Ethosuximide,4.95,4.95,Tablet,30,Anticonvulsants,Tablet,250 mg,"Ethosuximide Tablet, 250 mg"
ETOPOSIN1,Etoposide,59.95,59.95,Vial,10,Chemotherapeutic Agents,Injection,100 mg,Etoposide Injection 100 mg Intravenous
FEAMCISU1,Ferric Ammonium Citrate,7.48,7.48,200 mL,30,Iron Supplements,Mixture,,Ferric Ammonium Citrate Mixture (FAC)
FERFUMTA1,Ferrous Fumarate,0.22,0.22,Tablet,100,Iron Supplement,Tablet,100 mg (Elemental Iron),"Ferrous Fumarate Tablet, 100 mg (Elemental Iron)"
FERSULSY1,Ferrous Sulphate,18.70,18.70,200 mL,30,Mineral Supplements,Syrup,60 mg/5 mL,"Ferrous Sulphate (BPC) Syrup, 60 mg/5 mL"
FESUFOTA1,Ferrous Sulphate + Folic Acid,0.67,0.67,Tablet,100,Vitamins and Supplements,Tablet,50 mg (Elemental Iron) + 400 microgram,"Ferrous Sulphate + Folic Acid Tablet, 50 mg (Elemental Iron) + 400 microgram"
FERSULTA1,Ferrous Sulphate,0.11,0.11,Tablet,30,Minerals and Supplements,Tablet,60 mg (Elemental Iron),"Ferrous Sulphate Tablet, 60 mg (Elemental Iron)"
FINASTTA1,Finasteride,4.33,4.33,Tablet,30,5-Alpha Reductase Inhibitors,Tablet,5 mg,"Finasteride Tablet, 5 mg"
FLUCLOCA1,Flucloxacillin,0.82,0.82,Capsule,50,Antibiotics,Capsule,250 mg,"Flucloxacillin Capsule, 250 mg"
FLUCLOIN1,Flucloxacillin,10.18,10.18,Vial,30,Antibiotics,Injection,250 mg,"Flucloxacillin Injection, 250 mg"
FLUCLOIN2,Flucloxacillin,19.80,19.80,Vial,30,Antibiotics,Injection,500 mg,"Flucloxacillin Injection, 500 mg"
FLUCLOSU1,Flucloxacillin,15.95,15.95,100 mL,100,Antibiotics,Suspension,125 mg/5 mL,"Flucloxacillin Suspension, 125 mg/5 mL"
FLUCONCA1,Fluconazole,10.67,10.67,Capsule,30,Antifungal,Capsule,150 mg,"Fluconazole Capsule, 150 mg"
FLUCONCA2,Fluconazole,8.80,8.80,Capsule,30,Antifungal,Capsule,200 mg,"Fluconazole Capsule, 200 mg"
FLUCONSU1,Fluconazole,32.45,32.45,35 mL,30,Antifungal,Suspension,10 mg/mL,"Fluconazole Suspension, 10 mg/mL"
FLUCONSU2,Fluconazole,50.00,50.00,35 mL,30,Antifungal,Suspension,50 mg/5 mL,"Fluconazole Suspension, 50 mg/5 mL"
FLUCONTA1,Fluconazole,27.72,27.72,Tablet,35,Antifungal,Tablet,50 mg,"Fluconazole Tablet, 50 mg"
FLUDROTA1,Fludrocortisone,10.78,10.78,Tablet,25,Corticosteroids,Tablet,100 microgram,"Fludrocortisone Tablet, 100 microgram"
FLUOXECA1,Fluoxetine,1.43,1.43,Capsule,30,Antidepressants,Capsule,20 mg,"Fluoxetine Capsule, 20 mg"
FLUPENTA2,Flupentixol,1.65,1.65,Tablet,30,Antipsychotics,Tablet,1mg,"Flupentixol Tablet, 1mg"
FLUPENTA1,Flupentixol,1.53,1.53,Tablet,40,Antipsychotic,Tablet,500 microgram,"Flupentixol Tablet, 500 microgram"
FLUDECIN1,Fluphenazine Deconoate,12.21,12.21,1 mL,30,Antipsychotics,Injection,25 mg/mL,"Fluphenazine Deconoate Injection, 25 mg/mL"
FLUSALGA1,Fluticasone + Salmeterol,275.00,275.00,Inhaler,20,Respiratory Inhaler,Inhaler,250 microgram/50 microgram (60 Doses),"Fluticasone + Salmeterol Inhaler, 250 microgram/50 microgram (60 Doses)"
FLUTICGA2,Fluticasone,191.73,191.73,Inhaler,30,Corticosteroids,Metered Dose Inhaler,125 microgram/metered dose (120 doses),"Fluticasone MDI, 125 microgram (120 Dose)"
FLUTICGA3,Fluticasone,128.70,128.70,Inhaler,30,Corticosteroids,Metered Dose Inhaler,250 microgram/metered dose (120 doses),"Fluticasone MDI, 250 microgram (120 Dose)"
FLUVASCA1,Fluvastatin,1.69,1.69,Capsule,30,Antihyperlipidemic Agents,Capsule,20 mg,"Fluvastatin Capsule, 20 mg"
FOLACITA1,Folic Acid,0.05,0.05,Tablet,100,Vitamins and Minerals,Tablet,5 mg,"Folic Acid Tablet, 5 mg"
FUROSEIN1,Furosemide,1.56,1.56,Ampoule,100,Diuretics,Injection,10 mg/mL in 2 mL,"Furosemide Injection, 10 mg/mL in 2 mL"
FUROSETA1,Furosemide,0.28,0.28,Tablet,30,Diuretics,Tablet,40 mg,"Furosemide Tablet, 40 mg"
GELATIIN1,Succinylated Gelatin,82.61,82.61,500 mL,30,Plasma Volume Expander,Infusion,,Gelatin Infusion (Succinylated Gelatin)
GENTAMED1,Gentamicin,6.62,6.62,10mL,60,Antibiotics,Ear Drops,0.30%,"Gentamicin Ear Drops, 0.3%"
GENTAMID1,Gentamicin,6.60,6.60,10 mL,30,Antibiotics,Eye Drops,0.30%,"Gentamicin Eye Drops, 0.3%"
GENTAMIN1,Gentamicin,2.75,2.75,Ampoule,75,Antibiotics,Injection,40 mg/mL in 2 mL,"Gentamicin Injection, 40 mg/mL in 2 mL"
GLIBENTA1,Glibenclamide,0.15,0.15,Tablet,30,Antidiabetics,Tablet,5 mg,"Glibenclamide Tablet, 5 mg"
GLICLATA1,Gliclazide,0.66,0.66,Tablet,30,Antidiabetic,Tablet,80 mg,"Gliclazide Tablet, 80 mg"
GLIMEPTA1,Glimepiride,1.10,1.10,Tablet,100,Antidiabetics,Tablet,1 mg,"Glimepiride Tablet, 1 mg"
GLIMEPTA2,Glimepiride,0.19,0.19,Tablet,30,Antidiabetic,Tablet,2 mg,"Glimepiride Tablet, 2 mg"
GLIMEPTA3,Glimepiride,1.57,1.57,Tablet,75,Antidiabetics,Tablet,3 mg,"Glimepiride Tablet, 3 mg"
GLIMEPTA4,Glimepiride,0.24,0.24,Tablet,30,Antidiabetics,Tablet,4 mg,"Glimepiride Tablet, 4 mg"
GLUCAGIN1,Glucagon,455.40,455.40,Ampoule,20,Hormones,Injection,1 mg,"Glucagon Injection, 1 mg"
GLTRSUTA1,Glyceryl Trinitrate,121.63,121.63,"100
Tablets",30,Cardiovascular,Sublingual Tablet,500 microgram,"Glyceryl Trinitrate Sublingual Tablet, 500 microgram"
GRANISIN1,Granisetron,83.85,83.85,Ampoule,25,Antiemetic,Injection,1 mg/1mL,"Granisetron Injection, 1 mg/1mL"
GRANISTA1,Granisetron,17.88,17.88,Tablet,30,Antiemetic,Tablet,1 mg,"Granisetron Tablet, 1 mg"
GRISEOSU1,Griseofulvin,29.26,29.26,100 mL,30,Antifungal,Suspension,125 mg/5 mL,"Griseofulvin Suspension, 125 mg/5 mL"
GRISEOTA1,Griseofulvin,0.35,0.35,Tablet,30,Antifungals,Tablet,125 mg,"Griseofulvin Tablet, 125 mg"
GRISEOTA2,Griseofulvin,2.20,2.20,Tablet,30,Antifungal,Tablet,500 mg,"Griseofulvin Tablet, 500 mg"
GUAIFESY1,Guaifenesin,34.93,34.93,100ml,25,Cough and Cold Preparations,Syrup,,Guaifenesin Containing Expectorant Syrup
HALOPEIN1,Haloperidol,9.24,9.24,Ampoule,30,Antipsychotics,Injection,5 mg/5 mL,"Haloperidol Injection, 5 mg/5 mL"
HALOPETA1,Haloperidol,0.95,0.95,Tablet,30,Antipsychotic,Tablet,0.5 mg,"Haloperidol Tablet, 0.5 mg"
HALOPETA2,Haloperidol,1.41,1.41,Tablet,30,Antipsychotics,Tablet,5 mg,"Haloperidol Tablet, 5 mg"
HALOPETA3,Haloperidol,1.65,1.65,Tablet,30,Antipsychotics,Tablet,10 mg,"Haloperidol Tablet, 10 mg"
HEPARIIN1,Heparin,111.21,111.21,Ampoule,100,Anticoagulants,Injection,1000 units/mL,"Heparin Injection, 1000 units/mL in 5 mL"
HEPARIIN2,Heparin,90.86,90.86,Ampoule,100,Anticoagulants,Injection,5000 units/mL,"Heparin Injection, 5000 units/mL in 1mL"
HEPARIIN3,Heparin,137.50,137.50,Vial,30,Anticoagulants,Injection,5000 units/mL,"Heparin Injection, 5000 units/mL in 5 mL"
HUIMTEIN1,Human Immune Tetanus Globulins,42.85,42.85,1 mL,20,Immunoglobulins,Injection,250 IU/mL,"Human Immune Tetanus Globulins Injection, 250
IU/mL"
HUIMTEIN2,Human Immune Tetanus Globulins,42.85,42.85,2 mL,30,Immunoglobulins,Injection,500 IU/mL,"Human Immune Tetanus Globulins Injection, 500
IU/mL"
HYDRALIN1,Hydralazine,26.95,26.95,Ampoule,30,Antihypertensives,Injection,20 mg,"Hydralazine Injection, 20 mg"
HYDRALTA1,Hydralazine,3.25,3.25,Tablet,100,Antihypertensive,Tablet,25 mg,"Hydralazine Tablet, 25 mg"
HYDROCCR1,Hydrocortisone,12.06,12.06,15 G,30,Corticosteroids,Cream,1%,"Hydrocortisone Cream, 1%"
HYDROCID1,Hydrocortisone,16.50,16.50,5 mL,20,Ophthalmic Medications,Eye Drops,1%,"Hydrocortisone Eye Drops, 1%"
HYDROCEO1,Hydrocortisone,13.86,13.86,5 G,20,Corticosteroids,Eye Ointment,1%,"Hydrocortisone Eye Ointment, 1%"
HYSOSUIN1,Hydrocortisone Sodium Succinate,11.00,11.00,Vial,30,Corticosteroids,Injection,100 mg,"Hydrocortisone Sodium Succinate Injection, 100 mg"
HYDROXIN1,Hydroxocobalamin,9.61,9.61,1 mL,30,Vitamin Supplements,Injection,1 mg/mL,"Hydroxocobalamin Injection, 1 mg/mL"
HYDROXCA1,Hydroxyurea,3.52,3.52,Capsule,30,Antineoplastic Agents,Capsule,500mg,"Hydroxyurea Capsule, 500mg"
HYOBUTIN1,Hyoscine Butylbromide,6.60,6.60,1 mL,25,Antispasmodics,Injection,20 mg/mL,"Hyoscine Butylbromide Injection, 20 mg/ mL"
HYOBUTTA1,Hyoscine Butylbromide,0.99,0.99,Tablet,100,Antispasmodics,Tablet,10 mg,"Hyoscine Butylbromide Tablet, 10 mg"
IBUPROSU1,Ibuprofen,12.65,12.65,100 mL,30,Analgesics,Suspension,100 mg/5 mL,"Ibuprofen Suspension, 100 mg/5 mL"
IBUPROTA1,Ibuprofen,0.22,0.22,Tablet,100,Nonsteroidal Anti-inflammatory Drug (NSAID),Tablet,200 mg,"Ibuprofen Tablet, 200 mg"
IBUPROTA2,Ibuprofen,0.28,0.28,Tablet,100,Nonsteroidal Anti-inflammatory Drugs (NSAIDs),Tablet,400 mg,"Ibuprofen Tablet, 400 mg"
IMIPRATA1,Imipramine,0.33,0.33,Tablet,30,Antidepressants,Tablet,25 mg,"Imipramine Tablet, 25 mg"
INPRMIIN1,Insulin premixed,84.42,84.42,Vial,20,Hormones,Injection,100 units/mL,"Insulin premixed (30/70) HM Injection, 100 units/mL in 10 mL"
INSSOLIN1,Insulin Soluble HM,80.87,80.87,Vial,30,Hormones,Solution,100 units/mL,"Insulin Soluble HM, 100 units/mL in 10 mL"
INTRALSO1,Intralipid Solution,165.00,165.00,500 mL,30,Parenteral Nutrition,Solution,,Intralipid Solution (for TPN)
IPRBROGA1,Ipratropium Bromide,11.00,11.00,Dose,30,Bronchodilators,Nebulizer,250 micrograms,Ipratropium Bromide Nebulizer 250 micrograms
IPRBROGA2,Ipratropium Bromide,14.30,14.30,Dose,30,Respiratory,Nebulizer,500 micrograms,Ipratropium Bromide Nebulizer 500 micrograms
IROPOLCA1,Iron (III) Polymaltose Complex,0.28,0.28,Capsule,100,Mineral Supplements,Capsule,,Iron (III) Polymaltose Complex Capsule
IROPOLSU1,Iron (III) Polymaltose Complex,9.75,9.75,200 mL,30,Iron Supplements,Suspension,,Iron (III) Polymaltose Complex Suspension
IRODEXIN1,Iron Dextran,27.50,27.50,2 mL,30,Iron Supplements,Injection,100mg/2mL,"Iron Dextran Injection, 100mg/2mL"
IROSUCIN1,Iron Sucrose,60.50,60.50,Ampoule,30,Iron Supplements,Injection,20 mg/mL,"Iron Sucrose Injection, 20 mg/mL"
ISOINSIN1,Insulin,100.10,100.10,Vial,30,Insulin and Antidiabetic Agents,Injection,100 units/mL,"Isophane Insulin Injection (HM), 100 units/mL in 10
mL"
ISODINTA1,Isosorbide Dinitrate,1.97,1.97,Tablet,30,Cardiovascular,Tablet,10 mg,"Isosorbide Dinitrate Tablet, 10 mg"
ITRACOCA1,Itraconazole,5.50,5.50,Capsule,30,Antifungal,Capsule,100 mg,"Itraconazole Capsule, 100 mg"
ITRACOSU1,Itraconazole,7.33,7.33,30 mL,30,Antifungal,Suspension,10 mg/mL,"Itraconazole Suspension, 10 mg/mL"
KETOCOCR1,Ketoconazole,22.00,22.00,Tube,75,Antifungal,Cream,30g,"Ketoconazole Cream, 30g"
KETOCOTA1,Ketoconazole,8.50,8.50,Tablet,30,Antifungal,Tablet,200 mg,"Ketoconazole Tablet, 200 mg"
LABETAIN1,Labetalol,85.80,85.80,Ampoule,30,Antihypertensive,Injection,5 mg/mL,"Labetalol Injection, 5 mg/mL in 20 mL"
LABETATA1,Labetalol,3.30,3.30,Tablet,30,Antihypertensive,Tablet,100 mg,"Labetalol Tablet, 100 mg"
LABETATA2,Labetalol,4.40,4.40,Tablet,30,Antihypertensive,Tablet,200 mg,"Labetalol Tablet, 200 mg"
LACTULLI1,Lactulose,75.35,75.35,300 mL,30,Laxatives,Liquid,3.1–3.7 g/5 mL,Lactulose Liquid 3.1–3.7 g/5 mL
LAMOTRTA1,Lamotrigine,2.05,2.05,Tablet,30,Anticonvulsants,Tablet,100 mg,Lamotrigine Tablet 100 mg
LEVOFLIN1,Levofloxacin,189.64,189.64,100mL,75,Antibiotics,infusion,500mg,Levofloxacin infusion 500mg
LEVSODTA3,Levothyroxine Sodium,1.32,1.32,Tablet,100,Thyroid Hormones,Tablet,100 microgram,"Levothyroxine Sodium Tablet, 100 microgram"
LEVSODTA1,Levothyroxine Sodium,0.92,0.92,Tablet,30,Thyroid Hormones,Tablet,25 microgram,"Levothyroxine Sodium Tablet, 25 microgram"
LEVSODTA2,Levothyroxine Sodium,1.10,1.10,Tablet,100,Thyroid Hormones,Tablet,50 microgram,"Levothyroxine Sodium Tablet, 50 microgram"
LIDOCACR1,Lidocaine,38.50,38.50,15 G,30,Topical Anesthetics,Cream,2%,"Lidocaine Cream, 2%"
LIDOCAGE1,Lidocaine,76.67,76.67,15 G,30,Local Anesthetics,Gel,4%,"Lidocaine Gel, 4%"
LISHYDTA1,Lisinopril + Hydrochlorthiazide,1.26,1.26,Tablet,40,Antihypertensive,Tablet,10 mg + 12.5 mg,"Lisinopril + Hydrochlorthiazide Tablet, (10 mg +
12.5 mg)"
LISHYDTA2,Lisinopril + Hydrochlorthiazide,2.57,2.57,Tablet,30,Antihypertensives,Tablet,20 mg + 12.5 mg,"Lisinopril + Hydrochlorthiazide Tablet, (20 mg +
12.5 mg)"
LISINOTA3,Lisinopril,0.21,0.21,Tablet,30,Antihypertensive,Tablet,10 mg,"Lisinopril Tablet, 10 mg"
LISINOTA1,Lisinopril,0.47,0.47,Tablet,30,Antihypertensives,Tablet,2.5 mg,"Lisinopril Tablet, 2.5 mg"
LISINOTA4,Lisinopril,0.90,0.90,Tablet,100,Antihypertensives,Tablet,20 mg,"Lisinopril Tablet, 20 mg"
LISINOTA2,Lisinopril,0.39,0.39,Tablet,100,Antihypertensives,Tablet,5 mg,"Lisinopril Tablet, 5 mg"
LODOXAID1,Lodoxamide,8.90,8.90,10 mL,30,Ophthalmic Anti-Allergic,Eye Drops,0.10%,"Lodoxamide Eye Drops, 0.1%"
LORAZEIN1,Lorazepam,93.50,93.50,Ampoule,30,Sedatives,Injection,4 mg/mL,"Lorazepam Injection, 4 mg/mL in 1mL"
LORAZETA1,Lorazepam,1.76,1.76,Tablet,30,Benzodiazepines,Tablet,1 mg,"Lorazepam Tablet, 1 mg"
LORAZETA2,Lorazepam,0.44,0.44,Tablet,30,Anxiolytics,Tablet,2 mg,"Lorazepam Tablet, 2 mg"
LORAZETA3,Lorazepam,2.20,2.20,Tablet,30,Benzodiazepines,Tablet,2.5 mg,"Lorazepam Tablet, 2.5 mg"
LOSARTTA3,Losartan,0.54,0.54,Tablet,30,Antihypertensives,Tablet,100 mg,"Losartan Tablet, 100 mg"
LOSARTTA1,Losartan,1.32,1.32,Tablet,30,Antihypertensives,Tablet,25 mg,"Losartan Tablet, 25 mg"
LOSARTTA2,Losartan,0.26,0.26,Tablet,30,Antihypertensive,Tablet,50 mg,"Losartan Tablet, 50 mg"
MAGSULIN1,Magnesium Sulphate,5.96,5.96,Ampoule,30,Electrolyte Replacement Therapy,Injection,20% (10 mL),"Magnesium Sulphate Injection, 20% (10 mL)"
MAGSULIN3,Magnesium Sulphate,19.54,19.54,Ampoule,20,Electrolyte Supplements,Injection,50% (10 mL),"Magnesium Sulphate Injection, 50% (10 mL)"
MAGSULPO1,Magnesium Sulphate,33.00,33.00,1 G,25,Mineral and Electrolyte Replacements,Powder,,Magnesium Sulphate Salt
MATRALMI1,Magnesium Trisilicate + Aluminium Hydroxide,22.22,22.22,200 mL,30,Antacids,Mixture,,"Magnesium Trisilicate + Aluminium Hydroxide
Mixture"
MATRALTA1,Magnesium Trisilicate + Aluminium Hydroxide,0.22,0.22,Tablet,30,Antacid,Tablet,,Magnesium Trisilicate + Aluminium Hydroxide Tablet
MAGTRIMI1,Magnesium Trisilicate,7.70,7.70,200 mL,30,Antacids,Mixture,,Magnesium Trisilicate Mixture
MAGTRITA1,Magnesium Trisilicate,3.58,3.58,Tablet,75,Antacids,Tablet,500 mg,"Magnesium Trisilicate Tablet, 500 mg"
MANNITIN1,Mannitol,36.04,36.04,500 mL,30,Diuretics,Injection,10%,"Mannitol Injection, 10%"
MANNITIN2,Mannitol,30.42,30.42,500 mL,30,Diuretics,Injection,20%,"Mannitol Injection, 20%"
MEBENDSU1,Mebendazole,44.00,44.00,30 mL,30,Anthelmintics,Suspension,100 mg/5 mL,"Mebendazole Suspension, 100 mg/5 mL"
MEBENDTA1,Mebendazole,14.30,14.30,6 Tablets,30,Anthelmintics,Tablet,100 mg,"Mebendazole Tablet, 100 mg"
MEBENDTA2,Mebendazole,23.10,23.10,Tablet,25,Anthelmintics,Tablet,500 mg,"Mebendazole Tablet, 500 mg"
MEBEVETA1,Mebeverine,1.50,1.50,Tablet,30,Antispasmodics,Tablet,135 mg,"Mebeverine Tablet, 135 mg"
MEDACETA1,Medroxyprogesterone Acetate,8.53,8.53,Tablet,30,Hormonal Therapy,Tablet,5 mg,"Medroxyprogesterone Acetate Tablet, 5 mg"
MEFACICA1,Mefenamic Acid,2.70,2.70,Capsule,100,Nonsteroidal Anti-inflammatory Drugs (NSAIDs),Capsule,250 mg,"Mefenamic Acid Capsule, 250 mg"
MEFACITA1,Mefenamic Acid,1.29,1.29,Tablet,100,Nonsteroidal Anti-inflammatory Drugs (NSAIDs),Tablet,500 mg,"Mefenamic Acid Tablet, 500 mg"
METFORTA1,Metformin,0.15,0.15,Tablet,100,Antidiabetics,Tablet,500 mg,"Metformin Tablet, 500 mg"
METHOTIN1,Methotrexate,0.11,0.11,Ampoule,30,Antimetabolites,Injection,2.5 mg/ mL,"Methotrexate Injection, 2.5 mg/ mL"
METHOTIN2,Methotrexate,54.65,54.65,Ampoule,30,Antineoplastic Agents,Injection,25 mg/mL,"Methotrexate Injection, 25 mg/ mL in 2mL"
METHOTTA2,Methotrexate,38.50,38.50,Tablet,100,Antimetabolites,Tablet,10 mg,"Methotrexate Tablet, 10 mg"
METHOTTA1,Methotrexate,3.08,3.08,Tablet,30,Antimetabolites,Tablet,2.5 mg,"Methotrexate Tablet, 2.5 mg"
METCELID1,Methyl Cellulose,22.55,22.55,10 mL,75,Ophthalmic Lubricants,Eye Drops,0.30%,"Methyl Cellulose Eye Drops, 0.3%"
METHYLTA1,Methyldopa,0.93,0.93,Tablet,100,Antihypertensives,Tablet,250 mg,"Methyldopa Tablet, 250 mg"
METOCLIN1,Metoclopramide,8.80,8.80,Ampoule,100,Antiemetic,Injection,5 mg/mL,"Metoclopramide Injection, 5 mg/mL in 2 mL"
METOCLSY1,Metoclopramide,92.40,92.40,200 mL,30,Antiemetics,Syrup,5 mg/5 mL,"Metoclopramide Syrup, 5 mg/5 mL"
METOCLTA1,Metoclopramide,0.77,0.77,Tablet,100,Antiemetics,Tablet,10 mg,"Metoclopramide Tablet, 10 mg"
METOLATA1,Metolazone,5.39,5.39,Tablet,30,Diuretics,Tablet,5 mg,"Metolazone Tablet, 5 mg"
METTARTA1,Metoprolol Tartrate,1.85,1.85,Tablet,75,Beta Blockers,Tablet,100 mg,Metoprolol Tartrate Tablet 100 mg
METRONIN1,Metronidazole,9.01,9.01,Bottle,75,Antibiotics,Injection,5 mg/mL in 100 mL,"Metronidazole Injection, 5 mg/mL in 100 mL"
METRONRE1,Metronidazole,15.95,15.95,Supp.,30,Antibiotics,Suppository,500 mg,"Metronidazole Suppository, 500 mg"
METRONSU1,Metronidazole,10.92,10.92,100 mL,30,Antibiotics,Suspension,100 mg/5 mL,"Metronidazole Suspension, 100 mg/5 mL (as benzoate)"
METRONSU2,Metronidazole,12.02,12.02,100 mL,75,Antibiotics,Suspension,200 mg/5 mL,"Metronidazole Suspension, 200 mg/5 mL(as
benzoate)"
METRONTA1,Metronidazole,0.13,0.13,Tablet,40,Antibiotics,Tablet,200 mg,"Metronidazole Tablet, 200 mg"
METRONTA2,Metronidazole,0.25,0.25,Tablet,50,Antibiotics,Tablet,400 mg,"Metronidazole Tablet, 400 mg"
MICHYDCR1,Miconazole + Hydrocortisone,51.87,51.87,15 G,30,Antifungal,Cream,2% + 1%,"Miconazole + Hydrocortisone Cream, 2% + 1%"
MICONACR1,Miconazole,38.50,38.50,15 G,30,Antifungal,Cream,2%,"Miconazole Cream, 2%"
MICONAOG1,Miconazole,73.70,73.70,40 G,40,Antifungal,Oral Gel,25 mg/mL,"Miconazole Oral Gel, 25 mg/mL"
MICONAVP1,Miconazole,46.20,46.20,3 Ovules,30,Antifungal,Ovule,400 mg,"Miconazole Ovule, 400 mg"
MIDAZOIN1,Midazolam,70.13,70.13,Ampoule,30,Sedatives,Injection,5 mg/5mL,"Midazolam Injection, 5 mg/5mL"
MIDAZOTA1,Midazolam,13.89,13.89,Tablet,30,Sedative,Tablet,15 mg,"Midazolam Tablet, 15 mg"
MORPHIIN1,Morphine,21.97,21.97,Ampoule,100,Opioid Analgesics,Injection,10 mg/mL,"Morphine Injection, 10 mg/mL"
MORPHIIN2,Morphine,39.55,39.55,Ampoule,30,Opioid Analgesics,Injection,10 mg/mL,"Morphine Injection, 10 mg/mL (Preservative Free)"
MORSULTA1,Morphine Sulphate,5.61,5.61,Tablet,30,Opioid Analgesics,Tablet,10 mg,"Morphine Sulphate Tablet, 10 mg (Slow release)"
MORSULTA2,Morphine Sulphate,8.83,8.83,Tablet,100,Opioid Analgesics,Tablet,30 mg (Slow release),"Morphine Sulphate Tablet, 30 mg (Slow release)"
MULTIVDR1,Multivitamin,24.20,24.20,20 mL,30,Vitamins & Supplements,Drops,,Multivitamin Drops
MULTIVSY1,Multivitamin,8.10,8.10,125 mL,30,Vitamins and Supplements,Syrup,,Multivitamin Syrup
MULTIVTA1,Multivitamin,0.07,0.07,Tablet,100,Vitamins and Supplements,Tablet,,Multivitamin Tablet
NALOXOIN1,Naloxone,28.55,28.55,Ampoule,30,Opioid Antagonists,Injection,400 microgram/mL in 1mL,"Naloxone Injection, 400 microgram/mL in 1mL"
NEOMYCTA1,Neomycin,55.00,55.00,Tablet,50,Antibiotics,Tablet,500 mg,"Neomycin Tablet, 500 mg"
NEOBROTA1,Neostigmine Bromide,6.47,6.47,Tablet,30,Cholinesterase Inhibitors,Tablet,15 mg,"Neostigmine Bromide Tablet, 15 mg"
NEOSTIIN1,Neostigmine,27.50,27.50,Ampoule,30,Cholinesterase Inhibitors,Injection,2.5 mg/mL,"Neostigmine Injection, 2.5 mg/mL"
NIFEDICA1,Nifedipine,1.21,1.21,Capsule,30,Calcium Channel Blockers,Capsule,10 mg,"Nifedipine Capsule, 10 mg"
NIFEDITA1,Nifedipine,1.10,1.10,Tablet,75,Calcium Channel Blockers,Tablet,10 mg (slow release),"Nifedipine Tablet, 10 mg (slow release)"
NIFEDITA2,Nifedipine,0.20,0.20,Tablet,40,Calcium Channel Blockers,Tablet,20 mg (slow release),"Nifedipine Tablet, 20 mg (slow release)"
NIFEDITA3,Nifedipine,0.30,0.30,Tablet,75,Calcium Channel Blocker,Tablet,30 mg,"Nifedipine Tablet, 30 mg (GITS)"
NITROFTA1,Nitrofurantoin,4.18,4.18,Tablet,50,Antibiotics,Tablet,100 mg,"Nitrofurantoin Tablet, 100 mg"
NORETHTA1,Norethisterone,2.98,2.98,Tablet,30,Hormonal Therapy,Tablet,5 mg,"Norethisterone Tablet, 5 mg"
NYSTATOI1,Nystatin,25.74,25.74,30 G,30,Antifungals,Ointment,"100,000 IU","Nystatin Ointment, 100,000 IU"
NYSTATTA1,Nystatin,52.71,52.71,Pessary,40,Antifungal,Pessary,"100,000 IU","Nystatin Pessary, 100,000 IU"
NYSTATSU1,Nystatin,71.17,71.17,15 mL,30,Antifungals,Suspension,"100,000 IU/mL","Nystatin Suspension, 100,000 IU/mL"
NYSTATTA2,Nystatin,36.14,36.14,Tablet,30,Antifungals,Tablet,"500,000 IU","Nystatin Tablet, 500,000 IU"
OLANZATA1,Olanzapine,1.63,1.63,Tablet,40,Antipsychotics,Tablet,10 mg,Olanzapine Tablet 10 mg
OMEPRAIN2,Omeprazole,19.80,19.80,Vial,30,Proton Pump Inhibitors,Injection,40 mg,"Omeprazole Injection, 40 mg"
OMEPRATA1,Omeprazole,0.23,0.23,Tablet,30,Proton Pump Inhibitors,Tablet,20 mg,"Omeprazole Tablet, 20 mg"
ONDANSTA1,Ondansetrone,1.65,1.65,Tablet,30,Antiemetic,Tablet,4 mg,"Ondansetrone Tablet, 4 mg"
ORRESAPO1,Oral Rehydration Salts,1.47,1.47,Sachet,100,Oral Rehydration Solutions,Powder,,Oral Rehydration Salts Powder
OXYTOCIN2,Oxytocin,10.19,10.19,Ampoule,30,Hormones,Injection,10 units/mL,"Oxytocin Injection, 10 units/mL"
OXYTOCIN1,Oxytocin,16.47,16.47,Ampoule,30,Hormones,Injection,5 units/mL,"Oxytocin Injection, 5 units/mL"
PACLITIN1,Paclitaxel,343.20,343.20,Vial,10,Chemotherapy Drugs,Injection,100 mg/16.7mL,"Paclitaxel Injection, 100 mg/16.7mL"
PARACERE1,Paracetamol,1.50,1.50,Supp,100,Analgesics/Antipyretics,Suppository,125 mg,"Paracetamol Suppository, 125 mg"
PARACERE2,Paracetamol,2.34,2.34,Supp,100,Analgesics/Antipyretics,Suppository,250 mg,"Paracetamol Suppository, 250 mg"
PARACERE3,Paracetamol,2.41,2.41,Supp,100,Analgesics/Antipyretics,Suppository,500 mg,"Paracetamol Suppository, 500 mg"
PARACESY1,Paracetamol,8.50,8.50,125 mL,75,Analgesics/Antipyretics,Syrup,120 mg/5 mL,"Paracetamol Syrup, 120 mg/5 mL"
PARACETA1,Paracetamol,0.12,0.12,Tablet,100,Analgesics,Tablet,500 mg,"Paracetamol Tablet, 500 mg"
PARAFFLI1,Paraffin Liquid,25.30,25.30,100 mL,30,Emollients,Liquid,,Paraffin Liquid
PETHIDIN1,Pethidine,39.56,39.56,Ampoule,30,Analgesics,Injection,50 mg/mL,"Pethidine Injection, 50 mg/mL in 2 mL"
PHENOBEL1,Phenobarbital,60.50,60.50,100 mL,30,Anticonvulsants,Elixir,15 mg/5 mL,"Phenobarbital Elixir, 15 mg/5 mL"
PHENOBIN1,Phenobarbital,34.58,34.58,Ampoule,30,Anticonvulsants,Injection,200 mg/mL,"Phenobarbital Injection, 200 mg/mL"
PHENOBTA1,Phenobarbital,0.22,0.22,Tablet,40,Anticonvulsants,Tablet,30 mg,"Phenobarbital Tablet, 30 mg"
PHENOBTA2,Phenobarbital,0.33,0.33,Tablet,30,Anticonvulsants,Tablet,60 mg,"Phenobarbital Tablet, 60 mg"
PHENOLIN1,Phenol,0.39,0.39,50 mL,30,Antiseptics/Disinfectants,Injection,5%,Phenol 5% in Almond Oil Injection
PHEPENTA1,Phenoxymethyl Penicillin,0.84,0.84,Tablet,50,Antibiotics,Tablet,250 mg,"Phenoxymethyl Penicillin Tablet, 250 mg"
PHENYTIN1,Phenytoin,38.50,38.50,Ampoule,30,Anticonvulsants,Injection,50 mg/mL,"Phenytoin Injection, 50 mg/mL in 5 mL"
PHENYTCA2,Phenytoin Sodium,1.54,1.54,Capsule,30,Anticonvulsants,Capsule,100 mg,"Phenytoin Sodium Capsule, 100 mg"
PHENYTTA1,Phenytoin Sodium,1.32,1.32,Tablet,30,Anticonvulsants,Tablet,100 mg,"Phenytoin Sodium Tablet, 100 mg"
PHYTOMIN1,Phytomenadione,6.93,6.93,Ampoule,25,Vitamins and Supplements,Injection,1 mg/mL,"Phytomenadione Injection, 1 mg/mL (Paediatric)"
PHYTOMIN2,Phytomenadione,12.10,12.10,Ampoule,20,Vitamins,Injection,10 mg/mL,"Phytomenadione Injection, 10 mg/mL"
PILOCAID1,Pilocarpine,35.75,35.75,10 mL,30,Ophthalmic Medications,Eye Drops,2%,"Pilocarpine Eye Drops, 2%"
PILOCAID2,Pilocarpine,19.25,19.25,10 mL,30,Ophthalmic Agents,Eye Drops,4%,"Pilocarpine Eye Drops, 4%"
PIOGLITA1,Pioglitazone,0.74,0.74,Tablet,30,Antidiabetic,Tablet,15 mg,"Pioglitazone Tablet, 15 mg"
PIOGLITA2,Pioglitazone,0.91,0.91,Tablet,40,Antidiabetic,Tablet,30 mg,"Pioglitazone Tablet, 30 mg"
PIRACETA1,Piracetam,5.50,5.50,Tablet,100,Nootropic,Tablet,800 mg,"Piracetam Tablet, 800 mg"
POTCHLIN1,Potassium Chloride,17.16,17.16,Vial,100,Electrolyte Replacement,Injection,20 mEq/10 mL,"Potassium Chloride Injection, 20 mEq/10 mL"
POTCHLTA1,Potassium Chloride,3.85,3.85,Tablet,100,Electrolyte Supplements,Tablet,600 mg,"Potassium Chloride Tablet, 600 mg (Enteric Coated)"
POTCITMI1,Potassium Citrate,9.35,9.35,200 mL,30,Electrolyte Supplements,Mixture,,Potassium Citrate Mixture BP
POVIDOSO1,Povidone Iodine,46.20,46.20,100 mL,30,Antiseptics,Aqueous Solution,10%,"Povidone Iodine Aqueous Solution, 10%"
POVIDOOI1,Povidone Iodine,28.88,28.88,10 G,30,Antiseptics,Ointment,10%,"Povidone Iodine Ointment, 10%"
PRAZIQTA1,Praziquantel,11.55,11.55,Tablet,30,Antiparasitic,Tablet,600 mg,"Praziquantel Tablet, 600 mg"
PRAZOSTA1,Prazosin,2.90,2.90,Tablet,30,Antihypertensives,Tablet,500 microgram,"Prazosin Tablet, 500 microgram"
PREDNIDT1,Prednisolone,0.28,0.28,Tablet,100,Corticosteroids,Dispersible Tablets,5mg,Prednisolone 5mg Dispersible Tablets
PREDNIID1,Prednisolone,15.40,15.40,10 mL,30,Ophthalmic Anti-inflammatory,Eye Drops,0.50%,"Prednisolone Eye Drops, 0.5%"
PREDNIID2,Prednisolone,22.00,22.00,10 mL,20,Corticosteroids,Eye Drops,1%,"Prednisolone Eye Drops, 1%"
PREDNISY1,Prednisolone,62.70,62.70,60ml,30,Corticosteroid,Oral Solution,5mg/5ml,"Prednisolone Oral Solution, 5mg/5ml"
PREDNITA1,Prednisolone,0.20,0.20,Tablet,30,Corticosteroids,Tablet,5 mg,"Prednisolone Tablet, 5 mg"
PRIMIDTA1,Primidone,0.33,0.33,Tablet,30,Anticonvulsants,Tablet,250 mg,"Primidone Tablet, 250 mg"
PROBENIN1,Procaine Benzylpenicillin,9.90,9.90,Vial,75,Antibiotics,Injection,4 MU,"Procaine Benzylpenicillin Injection, 4 MU"
PROHYDEL1,Promethazine Hydrochloride,9.21,9.21,60 mL,30,Antihistamines,Elixir,5 mg/5 mL,"Promethazine Hydrochloride Elixir, 5 mg/5 mL"
PROHYDIN1,Promethazine Hydrochloride,2.20,2.20,Ampoule,30,Antihistamines,Injection,25 mg/mL,"Promethazine Hydrochloride Injection, 25 mg/mL in
2 mL"
PROMETTA1,Promethazine Hydrochloride,0.28,0.28,Tablet,100,Antihistamines,Tablet,25 mg,"Promethazine Hydrochloride Tablet, 25 mg"
PROTHETA1,Promethazine Theoclate,0.22,0.22,Tablet,30,Antiemetic,Tablet,25 mg,"Promethazine Theoclate Tablet, 25 mg"
PROPRAIN1,Propranolol,0.18,0.18,Ampoule,30,Beta Blockers,Injection,1 mg/mL,"Propranolol Injection, 1 mg/mL in 1mL"
PROPRATA1,Propranolol,0.84,0.84,Tablet,30,Beta Blockers,Tablet,10 mg,"Propranolol Tablet, 10 mg"
PROPRATA2,Propranolol,0.22,0.22,Tablet,30,Beta Blockers,Tablet,40 mg,"Propranolol Tablet, 40 mg"
PROPRATA3,Propranolol,1.88,1.88,Tablet,30,Beta Blockers,Tablet,80 mg,"Propranolol Tablet, 80 mg"
PROPYLTA1,Propylthiouracil,5.23,5.23,Tablet,20,Antithyroid Agents,Tablet,50 mg,"Propylthiouracil Tablet, 50 mg"
PROSULIN1,Protamine Sulphate,47.52,47.52,Ampoule,30,Anticoagulant Reversal Agent,Injection,10 mg/mL,"Protamine Sulphate Injection, 10 mg/mL in 5 mL"
QUINININ1,Quinine,4.68,4.68,Ampoule,25,Antimalarial,Injection,300 mg/mL in 2 mL,"Quinine Injection, 300 mg/mL in 2 mL"
QUININSY1,Quinine,12.10,12.10,125 mL,30,Antimalarial,Syrup,75 mg/5 mL,"Quinine Syrup, 75 mg/5 mL"
QUININTA1,Quinine,1.47,1.47,Tablet,100,Antimalarials,Tablet,300 mg,"Quinine Tablet, 300 mg"
RAMIPRTA1,Ramipril,1.01,1.01,Tablet,30,Antihypertensives,Tablet,2.5 mg,"Ramipril Tablet, 2.5 mg"
RAMIPRTA2,Ramipril,1.22,1.22,Tablet,30,Antihypertensive,Tablet,5 mg,"Ramipril Tablet, 5 mg"
RANITITA1,Ranitidine,1.99,1.99,Tablet,75,Antacids/Acid Reducers,Tablet,150 mg,"Ranitidine Tablet, 150 mg"
RETSOFCA2,Retinol,0.24,0.24,Capsule,30,Vitamins and Supplements,Soft Capsule,"200,000 IU","Retinol Soft Capsule, 200,000 IU"
RINLACSO1,Ringer - Lactate,13.10,13.10,500 mL,100,Intravenous Fluids,Solution,500 mL,"Ringer - Lactate Solution, 500 mL"
RISPERLI1,Risperidone,4.29,4.29,10 mL,30,Antipsychotics,Liquid,1 mg/mL,"Risperidone Liquid, 1 mg/mL"
RISPERTA2,Risperidone,1.10,1.10,Tablet,30,Antipsychotics,Tablet,1 mg,"Risperidone Tablet, 1 mg"
RISPERTA3,Risperidone,1.60,1.60,Tablet,30,Antipsychotics,Tablet,2 mg,"Risperidone Tablet, 2 mg"
RISPERTA1,Risperidone,5.67,5.67,Tablet,30,Antipsychotics,Tablet,500 microgram,"Risperidone Tablet, 500 microgram"
RITUXIIN1,Rituximab,2300.00,2300.00,Vial,10,Monoclonal Antibody,Injection,100mg/10ml,Rituximab Injection 100mg/10ml
RITUXIIN2,Rituximab,6515.00,6515.00,Vial,10,Monoclonal Antibody,Injection,500mg/10ml,Rituximab Injection 500mg/10ml
SALBUTGA1,Salbutamol,49.50,49.50,Inhaler,30,Bronchodilator,Inhaler,100 microgram/metered dose (200 doses),"Salbutamol Inhaler, 100 microgram/metered dose, 200 doses"
SALBUTGA2,Salbutamol,10.12,10.12,Dose,100,Bronchodilators,Nebules,2.5 mg,"Salbutamol Nebules, 2.5 mg"
SALBUTGA3,Salbutamol,17.60,17.60,Dose,30,Bronchodilators,Nebules,5 mg,"Salbutamol Nebules, 5 mg"
SALSULIN1,Salbutamol Sulphate,16.50,16.50,Ampoule,30,Bronchodilators,Injection,500 microgram/mL,"Salbutamol Sulphate Injection, 500 microgram/mL in
1mL"
SALBUTSY1,Salbutamol,18.70,18.70,200 mL,30,Bronchodilators,Syrup,2 mg/5 mL,"Salbutamol Syrup, 2 mg/5 mL"
SALACIOI1,Salicylic Acid,18.70,18.70,40G,30,Topical Treatments,Ointment,2%,"Salicylic Acid Ointment, 2%"
SECNIDTA1,Secnidazole,8.80,8.80,Tablet,50,Antibiotics,Tablet,500 mg,"Secnidazole Tablet, 500 mg"
SELSULSH1,Selenium sulphide,12.93,12.93,50 mL,30,Antifungal Agent,Shampoo,2.50%,"Selenium Sulphide Shampoo, 2.5%"
SERTRATA2,Sertraline,1.93,1.93,Tablet,30,Antidepressants,Tablet,100 mg,"Sertraline Tablet, 100 mg"
SERTRATA1,Sertraline,1.34,1.34,Tablet,30,Antidepressants,Tablet,50 mg,"Sertraline Tablet, 50 mg"
SILSULCR1,Silver Sulphadiazine,26.40,26.40,50 G,30,Topical Antibiotics,Cream,1%,"Silver Sulphadiazine Cream, 1%"
SIMLINSY1,Simple Linctus,6.97,6.97,125mL,30,Cough Syrups,Syrup,,Simple Linctus BPC (Paediatric)
SIMLINSY2,Simple Linctus,7.54,7.54,200mL,100,Cough Suppressants,Syrup,,Simple Linctus BPC
SIMVASTA1,Simvastatin,0.66,0.66,Tablet,100,Statins,Tablet,10 mg,"Simvastatin Tablet, 10 mg"
SIMVASTA2,Simvastatin,1.02,1.02,Tablet,100,Statins,Tablet,20 mg,"Simvastatin Tablet, 20 mg"
SIMVASTA3,Simvastatin,1.27,1.27,Tablet,30,Antihyperlipidemic,Tablet,40 mg,"Simvastatin Tablet, 40 mg"
SIMVASTA4,Simvastatin,1.98,1.98,Tablet,30,Statins,Tablet,80 mg,"Simvastatin Tablet, 80 mg"
SODBICIN1,Sodium Bicarbonate,50.05,50.05,Ampoule,30,Electrolytes and Acid-Base Agents,Injection,8.4% in 10 mL,"Sodium Bicarbonate Injection, 8.4% in 10 mL"
SODCHLIN1,Sodium Chloride,48.38,48.38,250 mL,100,Intravenous Fluids,Infusion,0.45% (250 mL),"Sodium Chloride Infusion, 0.45% (250 mL)"
SODCHLIN3,Sodium Chloride,14.37,14.37,500 mL,100,Intravenous Fluids,Infusion,0.9% (500 mL),"Sodium Chloride Infusion, 0.9% (500 mL)"
SODCHLND1,Sodium Chloride,6.60,6.60,10 mL,30,Nasal Care,Nasal Drops,0.90%,"Sodium Chloride Nasal Drops, 0.9%"
SODVALCA2,Sodium Valproate,11.70,11.70,Capsule,40,Antiepileptics,Capsule (Slow Release),500 mg,"Sodium Valproate Capsule (Slow Release), 500 mg"
SODVALCA1,Sodium Valproate,3.08,3.08,Capsule,30,Antiepileptic,Capsule,200 mg,"Sodium Valproate Capsule, 200 mg"
SODVALSY1,Sodium Valproate,294.80,294.80,300 mL,30,Anticonvulsants,Syrup,200 mg/5 Ml,"Sodium Valproate Syrup, 200 mg/5 Ml"
SODVALTA1,Sodium Valproate,3.28,3.28,Tablet,30,Anticonvulsants,Tablet,200 mg,"Sodium Valproate Tablet, 200 mg"
SOANSTOI1,Soothing Agent + Local Anaesthetic + Steroid,85.80,85.80,15 G,30,Topical Medications,Ointment,,"Soothing Agent + Local Anaesthetic + Steroid
Ointment"
SOANSTRE1,Soothing Agent + Local Anaesthetic + Steroid,7.70,7.70,Supp,20,Rectal Preparations,Suppository,,"Soothing Agent + Local Anaesthetic + Steroid
Suppository"
SOOANAOI1,Soothing Agent + Local Anaesthetic,42.46,42.46,15 G,30,Topical Anesthetics,Ointment,,Soothing Agent + Local Anaesthetic Ointment
SOOANARE1,Soothing Agent + Local Anaesthetic,6.93,6.93,Supp,30,Topical/Local Medications,Suppository,,Soothing Agent + Local Anaesthetic Suppository
SPIRONTA1,Spironolactone,1.10,1.10,Tablet,30,Diuretics,Tablet,25 mg,"Spironolactone Tablet, 25 mg"
SPIRONTA2,Spironolactone,1.45,1.45,Tablet,30,Diuretics,Tablet,50 mg,"Spironolactone Tablet, 50 mg"
STREPTIN1,Streptokinase,432.00,432.00,Vial,30,Thrombolytic Agent,Injection,"100,000 unit-vial","Streptokinase Injection, 100,000 unit-vial"
STREPTIN2,Streptokinase,482.00,482.00,Vial,30,Thrombolytics,Injection,"250,000 unit-vial","Streptokinase Injection, 250,000 unit-vial"
STREPTIN3,Streptokinase,557.19,557.19,Vial,30,Thrombolytic Agents,Injection,"750,000 unit-vial","Streptokinase Injection, 750,000 unit-vial"
SULFASTA1,Sulfasalazine,4.73,4.73,Tablet,75,Anti-inflammatory,Tablet,500 mg,"Sulfasalazine Tablet, 500 mg"
TAMOXITA1,Tamoxifen,2.97,2.97,Tablet,30,Hormonal Therapy,Tablet,10 mg,"Tamoxifen Tablet, 10 mg"
TAMOXITA2,Tamoxifen,4.11,4.11,Tablet,30,Hormonal Therapy,Tablet,20 mg,"Tamoxifen Tablet, 20 mg"
TAMSULCA1,Tamsulosin,2.18,2.18,Capsule,30,Alpha Blockers,Capsule,400 microgram,"Tamsulosin Capsule, 400 microgram"
TERAZOTA1,Terazosin,2.86,2.86,Tablet,30,Alpha Blockers,Tablet,2 mg,"Terazosin Tablet, 2 mg"
TERAZOTA2,Terazosin,4.38,4.38,Tablet,30,Antihypertensives,Tablet,5 mg,"Terazosin Tablet, 5 mg"
TERBINTA1,Terbinafine HCl,3.03,3.03,Tablet,30,Antifungals,Tablet,250 mg,"Terbinafine HCl Tablet, 250 mg"
TETRACCA1,Tetracycline,0.28,0.28,Capsule,50,Antibiotics,Capsule,250 mg,"Tetracycline Capsule, 250 mg"
TETRACEO2,Tetracycline,8.25,8.25,5 G,30,Antibiotics,Eye Ointment,1%,"Tetracycline Eye Ointment, 1%"
THEOPHTA1,Theophylline,16.50,16.50,Tablet,30,Bronchodilators,Tablet,200 mg (slow release),"Theophylline Tablet, 200 mg (slow release)"
THIAMIIN1,Thiamine,11.00,11.00,Ampoule,30,Vitamins,Injection,100mg/2mL,"Thiamine Injection, 100mg/2mL"
THIAMITA2,Thiamine,1.10,1.10,Tablet,30,Vitamins,Tablet,100 mg,"Thiamine Tablet, 100 mg"
THIAMITA1,Thiamine,0.66,0.66,Tablet,30,Vitamins,Tablet,50 mg,"Thiamine Tablet, 50 mg"
TIABENTA1,Tiabendazole,1.58,1.58,Tablet,40,Anthelmintics,Tablet,500 mg,"Tiabendazole Tablet, 500 mg"
TIMMALID1,Timolol Maleate,13.20,13.20,10 mL,30,Ophthalmic Medications,Eye Drops,0.50%,"Timolol Maleate Eye Drops, 0.5%"
TINIDACA1,Tinidazole,28.05,28.05,Capsule,60,Antibiotics,Capsule,500 mg,"Tinidazole Capsule, 500 mg"
TIROFIIN2,Tirofiban,514.80,514.80,100 mL,30,Antiplatelet Agents,Infusion,250 micrograms/ml (concentrate),"Tirofiban Infusion, 250 micrograms/ml (concentrate)"
TIROFIIN1,Tirofiban,371.80,371.80,100 mL,10,Antiplatelet,Infusion,50 micrograms/mL,"Tirofiban Infusion, 50 micrograms/mL"
TOLBUTTA1,Tolbutamide,9.65,9.65,Tablet,100,Antidiabetic,Tablet,500 mg,"Tolbutamide Tablet, 500 mg"
TRAACICA1,Tranexamic Acid,3.52,3.52,Capsule,30,Hemostatic Agent,Capsule,250 mg,"Tranexamic Acid Capsule, 250 mg"
TRAACIIN1,Tranexamic Acid,26.82,26.82,Ampoule,30,Hemostatic Agent,Injection,500 mg/5mL,"Tranexamic Acid Injection, 500 mg/5mL"
TRAACITA1,Tranexamic Acid,4.68,4.68,Tablet,75,Hemostatic Agent,Tablet,500 mg,"Tranexamic Acid Tablet, 500 mg"
TRIHEXTA1,Trihexyphenidyl,2.64,2.64,Tablet,30,Antiparkinsonian,Tablet,2 mg,"Trihexyphenidyl Tablet, 2 mg"
TRIHEXTA2,Trihexyphenidyl,1.82,1.82,Tablet,30,Antiparkinsonian Agents,Tablet,5 mg,"Trihexyphenidyl Tablet, 5 mg"
VERAPATA1,Verapamil,0.44,0.44,Tablet,30,Calcium Channel Blockers,Tablet,40 mg,"Verapamil Tablet, 40 mg"
VERAPATA2,Verapamil,1.00,1.00,Tablet,30,Calcium Channel Blockers,Tablet,80 mg,"Verapamil Tablet, 80 mg"
VINCRIIN1,Vincristine,67.10,67.10,Vial,10,Antineoplastic Agents,Injection,1 mg,Vincristine Injection 1 mg Intravenous
VINCRIIN2,Vincristine,20.91,20.91,Vial,10,Chemotherapy,Injection,2 mg,Vincristine Injection 2 mg Intravenous
WARFARTA1,Warfarin,0.36,0.36,Tablet,30,Anticoagulants,Tablet,1 mg,"Warfarin Tablet, 1 mg"
WARFARTA2,Warfarin,0.61,0.61,Tablet,30,Anticoagulants,Tablet,3 mg,"Warfarin Tablet, 3 mg"
WARFARTA3,Warfarin,0.81,0.81,Tablet,30,Anticoagulants,Tablet,5 mg (scored),"Warfarin Tablet, 5 mg (scored)"
WATFORIN1,Water,1.10,1.10,10 mL,100,Intravenous Fluids,Injection,,Water for Injection
ZINCOOTA1,Zinc,0.18,0.18,Tablet,30,Mineral Supplements,Tablet,10 mg,"Zinc Tablet, 10 mg"
ZINCOOTA2,Zinc,0.17,0.17,Tablet,100,Mineral Supplements,Tablet,20 mg,"Zinc Tablet, 20 mg"
5FLUORIN1,5-Fluorouracil,14.47,14.47,10 mL,30,Chemotherapy,Injection,50 mg/mL,"5-Fluorouracil Injection, 50 mg/mL"